insert into SUPPLIERS values(49,  'Superior Coffee', '1 Party Place', 'Mendocino', 'CA', '95460');
insert into SUPPLIERS values(101, 'Acme, Inc.', '99 Market Street', 'Groundsville', 'CA', '95199');
insert into SUPPLIERS values(150, 'The High Ground', '100 Coffee Lane', 'Meadows', 'CA', '93966');
insert into SUPPLIERS values(456, 'Restaurant Supplies, Inc.', '200 Magnolia Street', 'Meadows', 'CA', '93966');
insert into SUPPLIERS values(927, 'Professional Kitchen', '300 Daisy Avenue', 'Groundsville', 'CA', '95199');

insert into COFFEES values('Colombian',          101, 7.99, 0, 0);
insert into COFFEES values('French_Roast',       49, 8.99, 0, 0);
insert into COFFEES values('Espresso',           150, 9.99, 0, 0);
insert into COFFEES values('Colombian_Decaf',    101, 8.99, 0, 0);
insert into COFFEES values('French_Roast_Decaf', 049, 9.99, 0, 0);

insert into COF_INVENTORY values(1234, 'Colombian', 101, 0, '2006-04-01 00:00:00');
insert into COF_INVENTORY values(1234, 'French_Roast', 49, 0, '2006-04-01 00:00:00');
insert into COF_INVENTORY values(1234, 'Espresso', 150, 0, '2006-04-01 00:00:00');
insert into COF_INVENTORY values(1234, 'Colombian_Decaf', 101, 0, '2006-04-01 00:00:00');
insert into COF_INVENTORY values(11234, 'Colombian', 101, 0, '2006-04-01 00:00:00');
insert into COF_INVENTORY values(11234, 'French_Roast', 49, 0, '2006-04-01 00:00:00');
insert into COF_INVENTORY values(11234, 'Espresso', 150, 0, '2006-04-01 00:00:00');
insert into COF_INVENTORY values(11234, 'Colombian_Decaf', 101, 0, '2006-04-01 00:00:00');
insert into COF_INVENTORY values(21234, 'Colombian', 101, 0, '2006-04-01 00:00:00');
insert into COF_INVENTORY values(21234, 'French_Roast', 49, 0, '2006-04-01 00:00:00');
insert into COF_INVENTORY values(21234, 'Espresso', 150, 0, '2006-04-01 00:00:00');
insert into COF_INVENTORY values(21234, 'Colombian_Decaf', 101, 0, '2006-04-01 00:00:00');
insert into COF_INVENTORY values(211234, 'Colombian', 101, 0, '2006-04-01 00:00:00');
insert into COF_INVENTORY values(211234, 'French_Roast', 49, 0, '2006-04-01 00:00:00');
insert into COF_INVENTORY values(211234, 'Espresso', 150, 0, '2006-04-01 00:00:00');
insert into COF_INVENTORY values(211234, 'Colombian_Decaf', 101, 0, '2006-04-01 00:00:00');
insert into COF_INVENTORY values(31234, 'Colombian', 101, 0, '2006-04-01 00:00:00');
insert into COF_INVENTORY values(31234, 'French_Roast', 49, 0, '2006-04-01 00:00:00');
insert into COF_INVENTORY values(31234, 'Espresso', 150, 0, '2006-04-01 00:00:00');
insert into COF_INVENTORY values(31234, 'Colombian_Decaf', 101, 0, '2006-04-01 00:00:00');
insert into COF_INVENTORY values(311234, 'Colombian', 101, 0, '2006-04-01 00:00:00');
insert into COF_INVENTORY values(311234, 'French_Roast', 49, 0, '2006-04-01 00:00:00');
insert into COF_INVENTORY values(311234, 'Espresso', 150, 0, '2006-04-01 00:00:00');
insert into COF_INVENTORY values(311234, 'Colombian_Decaf', 101, 0, '2006-04-01 00:00:00');
insert into COF_INVENTORY values(321234, 'Colombian', 101, 0, '2006-04-01 00:00:00');
insert into COF_INVENTORY values(321234, 'French_Roast', 49, 0, '2006-04-01 00:00:00');
insert into COF_INVENTORY values(321234, 'Espresso', 150, 0, '2006-04-01 00:00:00');
insert into COF_INVENTORY values(321234, 'Colombian_Decaf', 101, 0, '2006-04-01 00:00:00');
insert into COF_INVENTORY values(3211234, 'Colombian', 101, 0, '2006-04-01 00:00:00');
insert into COF_INVENTORY values(3211234, 'French_Roast', 49, 0, '2006-04-01 00:00:00');
insert into COF_INVENTORY values(3211234, 'Espresso', 150, 0, '2006-04-01 00:00:00');
insert into COF_INVENTORY values(3211234, 'Colombian_Decaf', 101, 0, '2006-04-01 00:00:00');

insert into MERCH_INVENTORY values(00001234, 'Cup_Large', 456, 28, '2006-04-01 00:00:00');
insert into MERCH_INVENTORY values(00001235, 'Cup_Small', 456, 36, '2006-04-01 00:00:00');
insert into MERCH_INVENTORY values(00001236, 'Saucer', 456, 64, '2006-04-01 00:00:00');
insert into MERCH_INVENTORY values(00001287, 'Carafe', 456, 12, '2006-04-01 00:00:00');
insert into MERCH_INVENTORY values(00006931, 'Carafe', 927, 3, '2006-04-01 00:00:00');
insert into MERCH_INVENTORY values(00006935, 'PotHolder', 927, 88, '2006-04-01 00:00:00');
insert into MERCH_INVENTORY values(00006977, 'Napkin', 927, 108, '2006-04-01 00:00:00');
insert into MERCH_INVENTORY values(00006979, 'Towel', 927, 24, '2006-04-01 00:00:00');
insert into MERCH_INVENTORY values(00004488, 'CofMaker', 456, 5, '2006-04-01 00:00:00');
insert into MERCH_INVENTORY values(00004490, 'CofGrinder', 456, 9, '2006-04-01 00:00:00');
insert into MERCH_INVENTORY values(00004495, 'EspMaker', 456, 4, '2006-04-01 00:00:00');
insert into MERCH_INVENTORY values(00006914, 'Cookbook', 927, 12, '2006-04-01 00:00:00');

insert into COFFEE_HOUSES values(100, 'Mendocino', 3450, 2005, 5455);
insert into COFFEE_HOUSES values(200, 'Seattle', 4699, 3109, 7808);
insert into COFFEE_HOUSES values(300, 'SF', 5386, 2841, 8227);
insert into COFFEE_HOUSES values(400, 'Portland', 3147, 3579, 6726);
insert into COFFEE_HOUSES values(500, 'SF', 2863, 1874, 4710);
insert into COFFEE_HOUSES values(600, 'Sacramento', 1987, 2341, 4328);
insert into COFFEE_HOUSES values(700, 'Carmel', 2691, 1121, 3812);
insert into COFFEE_HOUSES values(800, 'LA', 1533, 1007, 2540);
insert into COFFEE_HOUSES values(900, 'Olympia', 2733, 1550, 4283);
insert into COFFEE_HOUSES values(1000, 'Seattle', 3210, 2177, 5387);
insert into COFFEE_HOUSES values(1100, 'SF', 1922, 1056, 2978);
insert into COFFEE_HOUSES values(1200, 'LA', 2143, 1876, 4019);
insert into COFFEE_HOUSES values(1300, 'San_Jose', 1234, 1032, 2266);
insert into COFFEE_HOUSES values(1400, 'Eugene', 1356, 1112, 2468);
insert into COFFEE_HOUSES values(1001, 'Mendocino', 3450, 2005, 5455);
insert into COFFEE_HOUSES values(2001, 'Seattle', 4699, 3109, 7808);
insert into COFFEE_HOUSES values(3001, 'SF', 5386, 2841, 8227);
insert into COFFEE_HOUSES values(4001, 'Portland', 3147, 3579, 6726);
insert into COFFEE_HOUSES values(5001, 'SF', 2863, 1874, 4710);
insert into COFFEE_HOUSES values(6001, 'Sacramento', 1987, 2341, 4328);
insert into COFFEE_HOUSES values(7001, 'Carmel', 2691, 1121, 3812);
insert into COFFEE_HOUSES values(8001, 'LA', 1533, 1007, 2540);
insert into COFFEE_HOUSES values(9001, 'Olympia', 2733, 1550, 4283);
insert into COFFEE_HOUSES values(10001, 'Seattle', 3210, 2177, 5387);
insert into COFFEE_HOUSES values(11001, 'SF', 1922, 1056, 2978);
insert into COFFEE_HOUSES values(12001, 'LA', 2143, 1876, 4019);
insert into COFFEE_HOUSES values(13001, 'San_Jose', 1234, 1032, 2266);
insert into COFFEE_HOUSES values(14001, 'Eugene', 1356, 1112, 2468);
insert into COFFEE_HOUSES values(2100, 'Mendocino', 3450, 2005, 5455);
insert into COFFEE_HOUSES values(2200, 'Seattle', 4699, 3109, 7808);
insert into COFFEE_HOUSES values(2300, 'SF', 5386, 2841, 8227);
insert into COFFEE_HOUSES values(2400, 'Portland', 3147, 3579, 6726);
insert into COFFEE_HOUSES values(2500, 'SF', 2863, 1874, 4710);
insert into COFFEE_HOUSES values(2600, 'Sacramento', 1987, 2341, 4328);
insert into COFFEE_HOUSES values(2700, 'Carmel', 2691, 1121, 3812);
insert into COFFEE_HOUSES values(2800, 'LA', 1533, 1007, 2540);
insert into COFFEE_HOUSES values(2900, 'Olympia', 2733, 1550, 4283);
insert into COFFEE_HOUSES values(21000, 'Seattle', 3210, 2177, 5387);
insert into COFFEE_HOUSES values(21100, 'SF', 1922, 1056, 2978);
insert into COFFEE_HOUSES values(21200, 'LA', 2143, 1876, 4019);
insert into COFFEE_HOUSES values(21300, 'San_Jose', 1234, 1032, 2266);
insert into COFFEE_HOUSES values(21400, 'Eugene', 1356, 1112, 2468);
insert into COFFEE_HOUSES values(21001, 'Mendocino', 3450, 2005, 5455);
insert into COFFEE_HOUSES values(22001, 'Seattle', 4699, 3109, 7808);
insert into COFFEE_HOUSES values(23001, 'SF', 5386, 2841, 8227);
insert into COFFEE_HOUSES values(24001, 'Portland', 3147, 3579, 6726);
insert into COFFEE_HOUSES values(25001, 'SF', 2863, 1874, 4710);
insert into COFFEE_HOUSES values(26001, 'Sacramento', 1987, 2341, 4328);
insert into COFFEE_HOUSES values(27001, 'Carmel', 2691, 1121, 3812);
insert into COFFEE_HOUSES values(28001, 'LA', 1533, 1007, 2540);
insert into COFFEE_HOUSES values(29001, 'Olympia', 2733, 1550, 4283);
insert into COFFEE_HOUSES values(210001, 'Seattle', 3210, 2177, 5387);
insert into COFFEE_HOUSES values(211001, 'SF', 1922, 1056, 2978);
insert into COFFEE_HOUSES values(212001, 'LA', 2143, 1876, 4019);
insert into COFFEE_HOUSES values(213001, 'San_Jose', 1234, 1032, 2266);
insert into COFFEE_HOUSES values(214001, 'Eugene', 1356, 1112, 2468);
insert into COFFEE_HOUSES values(3100, 'Mendocino', 3450, 2005, 5455);
insert into COFFEE_HOUSES values(3200, 'Seattle', 4699, 3109, 7808);
insert into COFFEE_HOUSES values(3300, 'SF', 5386, 2841, 8227);
insert into COFFEE_HOUSES values(3400, 'Portland', 3147, 3579, 6726);
insert into COFFEE_HOUSES values(3500, 'SF', 2863, 1874, 4710);
insert into COFFEE_HOUSES values(3600, 'Sacramento', 1987, 2341, 4328);
insert into COFFEE_HOUSES values(3700, 'Carmel', 2691, 1121, 3812);
insert into COFFEE_HOUSES values(3800, 'LA', 1533, 1007, 2540);
insert into COFFEE_HOUSES values(3900, 'Olympia', 2733, 1550, 4283);
insert into COFFEE_HOUSES values(31000, 'Seattle', 3210, 2177, 5387);
insert into COFFEE_HOUSES values(31100, 'SF', 1922, 1056, 2978);
insert into COFFEE_HOUSES values(31200, 'LA', 2143, 1876, 4019);
insert into COFFEE_HOUSES values(31300, 'San_Jose', 1234, 1032, 2266);
insert into COFFEE_HOUSES values(31400, 'Eugene', 1356, 1112, 2468);
insert into COFFEE_HOUSES values(31001, 'Mendocino', 3450, 2005, 5455);
insert into COFFEE_HOUSES values(32001, 'Seattle', 4699, 3109, 7808);
insert into COFFEE_HOUSES values(33001, 'SF', 5386, 2841, 8227);
insert into COFFEE_HOUSES values(34001, 'Portland', 3147, 3579, 6726);
insert into COFFEE_HOUSES values(35001, 'SF', 2863, 1874, 4710);
insert into COFFEE_HOUSES values(36001, 'Sacramento', 1987, 2341, 4328);
insert into COFFEE_HOUSES values(37001, 'Carmel', 2691, 1121, 3812);
insert into COFFEE_HOUSES values(38001, 'LA', 1533, 1007, 2540);
insert into COFFEE_HOUSES values(39001, 'Olympia', 2733, 1550, 4283);
insert into COFFEE_HOUSES values(310001, 'Seattle', 3210, 2177, 5387);
insert into COFFEE_HOUSES values(311001, 'SF', 1922, 1056, 2978);
insert into COFFEE_HOUSES values(312001, 'LA', 2143, 1876, 4019);
insert into COFFEE_HOUSES values(313001, 'San_Jose', 1234, 1032, 2266);
insert into COFFEE_HOUSES values(314001, 'Eugene', 1356, 1112, 2468);
